Nr	Name	Land	Wahlberechtigte	Wähler	Ungültige	Ungültige	Gültige	Gültige	SPD	SPD	CDU	CDU	CSU	CSU	FDP	FDP	GDP	GDP	DFU	DFU	DRP	DRP	DG	DG	SSW	SSW	WGnD	Übrige
					Erststimmen	Zweitstimmen	Erststimmen	Zweitstimmen	Erststimmen	Zweitstimmen	Erststimmen	Zweitstimmen	Erststimmen	Zweitstimmen	Erststimmen	Zweitstimmen	Erststimmen	Zweitstimmen	Erststimmen	Zweitstimmen	Erststimmen	Zweitstimmen	Erststimmen	Zweitstimmen	Erststimmen	Zweitstimmen	Erststimmen	Erststimmen
																												
1	Husum – Südtondern – Eiderstedt	SH	94331	79279	1565	3426	77714	75853	20882	20283	36407	34580	0	0	11563	11973	2881	2884	540	558	622	675	0	48	4819	4852	0	0
2	Flensburg	SH	117510	102061	2782	5135	99279	96926	27159	26549	40474	37978	0	0	12071	12482	3776	3959	861	907	746	758	0	93	14192	14200	0	0
3	Schleswig – Eckernförde	SH	95359	83335	1783	3582	81552	79753	23597	23102	39912	37367	0	0	8961	9918	3492	3646	604	618	578	629	0	57	4408	4416	0	0
4	Norder- und Süderdithmarschen	SH	89960	78538	1745	4529	76793	74009	23184	22548	38933	35768	0	0	10640	11500	2404	2524	401	418	644	625	84	113	503	513	0	0
5	Rendsburg	SH	128577	112845	2107	4838	110738	108007	38293	37300	52799	48903	0	0	13190	14997	3283	3517	1256	1297	964	1008	186	205	767	780	0	0
6	Kiel	SH	168757	148319	2422	6612	145897	141707	68511	65416	57413	52809	0	0	14562	17306	1481	1803	2197	2481	1471	1553	0	68	262	271	0	0
7	Plön – Eutin/Nord	SH	98772	88334	2055	3459	86279	84875	33310	32587	37490	34962	0	0	8988	10448	4981	5182	777	782	733	762	0	102	0	50	0	0
8	Oldenburg – Eutin/Süd	SH	91413	80838	2544	3648	78294	77190	28704	28196	33989	32720	0	0	8509	9206	5734	5614	739	764	619	612	0	42	0	36	0	0
9	Lübeck	SH	130899	114904	2685	7807	112219	107097	45100	43198	48854	45067	0	0	11781	12172	3380	3523	1803	1792	1301	1251	0	55	0	39	0	0
10	Segeberg – Neumünster	SH	118776	105237	2368	5844	102869	99393	36911	35714	43386	40658	0	0	16956	17127	3631	3807	1128	1188	508	539	349	302	0	58	0	0
11	Steinburg	SH	103342	91488	2302	3426	89186	88062	31985	31621	36836	34808	0	0	14615	15439	3677	3939	1110	1142	963	1012	0	64	0	37	0	0
12	Pinneberg	SH	151027	134738	2844	5734	131894	129004	53739	52336	54605	51245	0	0	16993	18379	3415	3744	2305	2342	704	707	133	173	0	78	0	0
13	Stormarn	SH	121225	107976	2554	4921	105422	103055	41319	40229	42491	40164	0	0	14784	15468	4103	4342	2016	2019	709	704	0	66	0	63	0	0
14	Herzogtum Lauenburg	SH	116193	103812	2599	5377	101213	98435	37466	36649	45459	42187	0	0	11235	12204	4118	4336	1662	1643	1273	1279	0	81	0	56	0	0
901	Schleswig-Holstein	SH	1626141	1431704	32355	68338	1399349	1363366	510160	495728	609048	569216	0	0	174848	188619	50356	52820	17399	17951	11835	12114	752	1469	24951	25449	0	0
																												
15	Hamburg I	HH	140439	117415	1945	3828	115470	113587	54588	53656	37120	35609	0	0	16710	17047	949	1030	5059	5143	1044	1102	0	0	0	0	0	0
16	Hamburg II	HH	151788	135442	1672	3404	133770	132038	58250	57373	47667	45388	0	0	21601	22703	1083	1211	4021	4143	1148	1220	0	0	0	0	0	0
17	Hamburg III	HH	155893	137646	1985	3946	135661	133700	64971	63650	43077	41798	0	0	19965	20500	1161	1197	5346	5359	1141	1196	0	0	0	0	0	0
18	Hamburg IV	HH	142434	125726	1603	3707	124123	122019	53570	51668	43551	42086	0	0	20796	21728	1111	1192	3967	4136	1128	1209	0	0	0	0	0	0
19	Hamburg V	HH	203658	182319	2924	4631	179395	177688	82913	81800	57854	56685	0	0	29324	29565	1688	1850	6127	6285	1489	1503	0	0	0	0	0	0
20	Hamburg VI	HH	230300	205903	3097	5718	202806	200185	96902	95489	66657	64499	0	0	28771	29525	2199	2276	6493	6534	1784	1862	0	0	0	0	0	0
21	Hamburg VII	HH	169525	152037	2619	4699	149418	147338	79965	78786	42463	41379	0	0	18428	18454	1327	1415	6084	6160	1151	1144	0	0	0	0	0	0
22	Hamburg VIII	HH	192374	171299	2298	4117	169001	167182	79223	77616	54028	53169	0	0	27324	27733	1563	1677	5573	5682	1290	1305	0	0	0	0	0	0
902	Hamburg	HH	1386411	1227787	18143	34050	1209644	1193737	570382	560038	392417	380613	0	0	182919	187255	11081	11848	42670	43442	10175	10541	0	0	0	0	0	0
																												
23	Aurich – Emden	NI	129417	105457	2513	4762	102944	100695	49998	47874	38462	36272	0	0	8367	10164	2606	2683	2067	2161	1444	1503	0	38	0	0	0	0
24	Leer	NI	117736	95689	2217	4132	93472	91557	34031	33568	46454	41345	0	0	8909	11837	2026	2412	777	917	1275	1428	0	50	0	0	0	0
25	Wilhelmshaven – Friesland	NI	129178	111875	2331	4352	109544	107523	48496	47643	42523	36635	0	0	14431	18352	1190	1557	1413	1501	1491	1758	0	77	0	0	0	0
26	Emsland	NI	127853	115230	2202	4252	113028	110978	22278	21877	75720	74247	0	0	7033	7394	4967	4232	1622	1728	1408	1474	0	26	0	0	0	0
27	Bersenbrück – Lingen	NI	116688	106403	1695	3035	104708	103368	24713	24367	67428	66169	0	0	7526	7811	3563	3465	712	728	766	798	0	30	0	0	0	0
28	Osnabrück-Stadt und -Land	NI	180708	164207	2664	4986	161543	159221	56861	56202	76058	73791	0	0	19649	20234	5863	5846	1668	1678	1444	1431	0	39	0	0	0	0
29	Delmenhorst – Wesermarsch	NI	136982	119170	2690	4726	116480	114444	48497	47292	40854	39223	0	0	17650	18487	5778	5523	1227	1303	2474	2555	0	61	0	0	0	0
30	Oldenburg – Ammerland	NI	150196	127351	3229	5455	124122	121896	38312	37877	43282	42186	0	0	31238	30476	5600	5537	1608	1647	4082	4123	0	50	0	0	0	0
31	Vechta – Cloppenburg	NI	104117	97358	2090	2491	95268	94867	10942	10907	78004	77101	0	0	3309	3541	2489	2528	0	234	524	539	0	17	0	0	0	0
32	Cuxhaven – Hadeln – Wesermünde	NI	121415	104083	2415	4884	101668	99199	37725	36652	36486	35212	0	0	8010	10623	16763	13552	943	1041	1741	2016	0	103	0	0	0	0
33	Stade – Bremervörde	NI	135254	117018	2943	5191	114075	111827	37018	36232	39094	37060	0	0	14460	16932	20264	17970	928	1030	2311	2527	0	76	0	0	0	0
34	Verden – Rotenburg – Osterholz	NI	139012	120518	3264	5029	117254	115489	43289	42862	42683	41202	0	0	11034	12412	17400	15824	1358	1411	1490	1648	0	130	0	0	0	0
35	Lüneburg – Dannenberg	NI	118053	101655	2370	4067	99285	97588	30710	30747	35753	35219	0	0	14198	14939	15298	12998	1117	1158	2209	2444	0	83	0	0	0	0
36	Harburg – Soltau	NI	121201	106125	2244	4179	103881	101946	32086	31789	44623	41199	0	0	13408	14886	9908	9850	1127	1199	2729	2918	0	105	0	0	0	0
37	Fallingbostel – Hoya	NI	122886	108554	2193	3574	106361	104980	34585	34119	35007	35121	0	0	14678	15874	18261	15781	735	793	2723	2893	372	399	0	0	0	0
38	Celle	NI	130935	115015	2849	4480	112166	110535	39141	38586	47609	44237	0	0	13730	15392	7330	7655	1273	1346	2909	3141	174	178	0	0	0	0
39	Uelzen	NI	104995	93394	2063	3671	91331	89723	28202	27765	33437	32514	0	0	11464	12977	14922	13223	760	820	2231	2339	0	85	0	0	0	315
40	Stadt Hannover-Nord	NI	266912	234793	2501	4646	232292	230147	102417	100759	83792	80211	0	0	35372	37757	3873	4325	4107	4330	2503	2546	228	219	0	0	0	0
41	Stadt Hannover-Süd	NI	160551	142822	1812	3537	141010	139285	76038	74789	43015	41230	0	0	15222	16242	2043	2214	3267	3346	1248	1287	177	177	0	0	0	0
42	Hannover-Land	NI	153982	140507	2722	3938	137785	136569	67524	66830	47830	46174	0	0	14854	15615	4475	4609	1824	1874	1278	1354	0	113	0	0	0	0
43	Neustadt – Grafschaft Schaumburg	NI	132596	118840	2510	4406	116330	114434	50319	49202	41240	38207	0	0	12958	14740	7853	8218	1364	1432	2596	2571	0	64	0	0	0	0
44	Nienburg – Schaumburg-Lippe	NI	114046	101027	2182	3341	98845	97686	43822	43006	33751	29793	0	0	9670	12458	8498	8653	845	933	2259	2770	0	73	0	0	0	0
45	Diepholz – Melle – Wittlage	NI	108814	91784	2066	3131	89718	88653	24762	25181	31732	31232	0	0	23279	21587	7186	7539	566	637	2193	2436	0	41	0	0	0	0
46	Hameln – Springe	NI	136848	123546	2383	3921	121163	119625	54010	52900	39789	38037	0	0	16870	17771	7648	7846	1516	1576	1330	1422	0	73	0	0	0	0
47	Alfeld – Holzminden	NI	116537	107172	1973	3765	105199	103407	50328	49296	30095	29463	0	0	14916	14910	7531	7297	1299	1314	1030	1051	0	76	0	0	0	0
48	Hildesheim-Stadt und -Land	NI	143100	129971	2202	4027	127769	125944	52138	51056	52324	50316	0	0	13373	14139	6814	7142	1514	1595	1606	1619	0	77	0	0	0	0
49	Gandersheim — Salzgitter	NI	135876	122378	3455	4406	118923	117972	55711	54102	47309	45168	0	0	9255	10405	5105	5198	0	1508	1297	1385	246	206	0	0	0	0
50	Stadt Braunschweig	NI	180049	158807	2117	4786	156690	154021	70796	68375	59168	56515	0	0	18437	20704	3095	3161	3648	3755	1315	1295	231	216	0	0	0	0
51	Braunschweig-Land – Helmstedt	NI	131894	119230	2858	4604	116372	114626	46890	46075	51753	49465	0	0	9057	10352	5723	5656	1242	1256	1707	1717	0	105	0	0	0	0
52	Wolfenbüttel – Goslar-Land	NI	118710	107483	2424	3727	105059	103756	45412	44521	44628	42614	0	0	9763	10944	2836	3107	1394	1443	1026	1072	0	55	0	0	0	0
53	Harz	NI	124808	111950	2120	3765	109830	108185	48158	47180	43448	41345	0	0	12138	13373	3424	3612	1276	1341	1113	1060	273	274	0	0	0	0
54	Peine – Gifhorn	NI	154120	138681	2981	4546	135700	134135	58401	56406	50385	49666	0	0	11471	12773	12039	11655	1279	1409	1903	1996	222	230	0	0	0	0
55	Northeim – Einbeck – Duderstadt	NI	120000	110357	1929	3795	108428	106562	43752	42607	43609	41382	0	0	12916	14044	6217	6483	622	685	1038	1058	274	303	0	0	0	0
56	Göttingen – Münden	NI	127643	115040	1443	2928	113597	112112	48893	48180	39134	37405	0	0	18241	18994	4784	4868	1161	1251	1038	1077	346	337	0	0	0	0
903	Niedersachsen	NI	4613112	4083490	81650	140535	4001840	3942955	1556255	1526824	1606479	1536956	0	0	476886	519139	253372	242219	46259	50380	59731	63251	2543	4186	0	0	0	315
																												
57	Bremen-Ost	HB	171642	153571	2495	5960	151076	147611	66880	64874	45580	43204	0	0	28763	29229	4892	5098	3237	3430	1724	1776	0	0	0	0	0	0
58	Bremen-West	HB	168921	150216	2796	6790	147420	143426	81773	78945	34774	33329	0	0	19541	19730	4175	4223	5418	5418	1739	1781	0	0	0	0	0	0
59	Bremerhaven – Bremen-Nord	HB	167197	144149	3021	6945	141128	137204	71477	68915	40993	38960	0	0	15681	15996	7966	8177	3707	3791	1304	1365	0	0	0	0	0	0
904	Bremen	HB	507760	447936	8312	19695	439624	428241	220130	212734	121347	115493	0	0	63985	64955	17033	17498	12362	12639	4767	4922	0	0	0	0	0	0
																												
60	Aachen-Stadt	NW	117407	102487	2819	3766	99668	98721	30862	30374	54752	54003	0	0	10725	11203	646	601	2229	2069	454	448	0	23	0	0	0	0
61	Aachen-Land	NW	175945	159401	4435	5167	154966	154234	52183	51886	87128	86348	0	0	11366	11625	703	707	2784	2794	802	794	0	80	0	0	0	0
62	Geilenkirchen – Erkelenz – Jülich	NW	178500	164965	5673	4938	159292	160027	39877	40163	102653	102592	0	0	14789	14654	0	683	1380	1337	593	557	0	41	0	0	0	0
63	Düren – Monschau – Schleiden	NW	157505	142508	4889	4472	137619	138036	30584	30079	91683	92240	0	0	12980	13294	621	643	1292	1312	459	431	0	37	0	0	0	0
64	Bergheim – Euskirchen	NW	140512	126949	3540	3877	123409	123072	38929	38399	70368	70463	0	0	11804	11830	865	847	1090	1129	353	377	0	27	0	0	0	0
65	Köln-Land	NW	134732	120340	3547	2818	116793	117522	38775	38670	62655	62780	0	0	12474	12798	960	979	1929	1979	0	289	0	27	0	0	0	0
66	Köln I	NW	189671	154424	3382	4172	151042	150252	52296	51393	75555	75117	0	0	18712	19216	841	840	3105	3110	533	539	0	37	0	0	0	0
67	Köln II	NW	213176	172000	3442	3575	168558	168425	52640	51776	84822	84439	0	0	26135	27042	902	908	3361	3515	698	713	0	32	0	0	0	0
68	Köln III	NW	189700	156283	3554	4975	152729	151308	60436	58847	70989	69869	0	0	16416	17236	1006	988	3882	3921	0	413	0	34	0	0	0	0
69	Bonn-Stadt und -Land	NW	237510	205621	3336	5643	202285	199978	44969	44927	121941	116845	0	0	30438	32828	1964	2225	2054	2168	919	957	0	28	0	0	0	0
70	Siegkreis	NW	165206	147890	3674	3340	144216	144550	39942	38762	85231	85483	0	0	14772	15916	2157	2151	1314	1363	800	831	0	44	0	0	0	0
71	Oberbergischer Kreis	NW	93701	81947	1732	2548	80215	79399	28059	27659	36074	33614	0	0	12780	14672	1610	1640	828	924	864	859	0	31	0	0	0	0
72	Rheinisch-Bergischer Kreis	NW	141753	126015	2763	4037	123252	121978	33630	33528	70477	68903	0	0	15018	15311	1699	1720	1840	1897	588	574	0	45	0	0	0	0
73	Rhein-Wupper-Kreis – Leverkusen	NW	194886	171607	4114	5685	167493	165922	57731	56518	77791	78055	0	0	24258	23499	2662	2672	3968	4092	952	953	131	133	0	0	0	0
74	Remscheid – Solingen	NW	220460	191412	4975	6430	186437	184982	66400	65857	77321	72864	0	0	29104	32006	1081	1273	11325	11700	965	1046	241	236	0	0	0	0
75	Wuppertal I	NW	156964	133520	2847	3605	130673	129915	49420	48579	51955	50535	0	0	24079	25282	865	926	3679	3862	548	589	127	142	0	0	0	0
76	Wuppertal II	NW	155144	132603	2881	3577	129722	129026	49565	49019	51934	50259	0	0	22512	23764	815	894	4275	4441	437	457	184	192	0	0	0	0
77	Düsseldorf – Mettmann	NW	222577	195083	3623	5424	191460	189659	73223	72620	85879	82654	0	0	24607	26346	1991	2052	4736	4851	1024	1066	0	70	0	0	0	0
78	Düsseldorf I	NW	244474	211042	3318	4782	207724	206260	65845	64721	101581	98572	0	0	33329	35521	1538	1664	4450	4699	981	1024	0	59	0	0	0	0
79	Düsseldorf II	NW	255618	218583	3940	5712	214643	212871	83088	82019	94649	91869	0	0	27719	29489	1573	1680	6621	6715	993	1026	0	73	0	0	0	0
80	Neuß – Grevenbroich	NW	183563	163197	4291	5049	158906	158148	42923	42582	93989	93408	0	0	16428	16574	2966	2907	2151	2169	449	463	0	45	0	0	0	0
81	Krefeld	NW	154572	134900	2259	3324	132641	131576	48899	47607	63699	62171	0	0	17208	18722	756	827	1606	1703	473	504	0	42	0	0	0	0
82	Rheydt – Mönchengladbach – Viersen	NW	202064	174649	6206	8200	168443	166449	47020	45959	95577	94186	0	0	20416	20885	978	1010	3904	3799	548	568	0	42	0	0	0	0
83	Kempen – Krefeld	NW	137779	124269	2969	3573	121300	120696	33319	33172	73491	72450	0	0	11759	12075	1304	1284	1427	1413	0	270	0	32	0	0	0	0
84	Moers	NW	210166	187125	3863	4276	183262	182849	84846	84141	77903	77758	0	0	15411	15803	948	988	3135	3205	874	864	0	90	0	0	145	0
85	Geldern – Kleve	NW	113138	105322	2349	2324	102973	102998	20504	20541	72746	72354	0	0	8010	8380	857	879	534	543	322	287	0	14	0	0	0	0
86	Rees – Dinslaken	NW	140945	126320	2651	2533	123669	123787	53851	53193	54841	54657	0	0	12826	13558	477	541	1414	1540	260	283	0	15	0	0	0	0
87	Oberhausen	NW	175426	153515	3825	6256	149690	147259	66415	63268	67995	67568	0	0	11198	12203	524	560	2355	2421	1203	1171	0	68	0	0	0	0
88	Mülheim	NW	134789	118136	2237	3702	115899	114434	55691	53803	44577	41648	0	0	12762	15688	351	437	2111	2371	407	458	0	29	0	0	0	0
89	Essen I	NW	205864	177481	3603	5646	173878	171835	81467	80045	73394	72123	0	0	13294	13750	728	811	4376	4452	619	623	0	31	0	0	0	0
90	Essen II	NW	156927	134913	3093	4991	131820	129922	69881	68424	50608	49697	0	0	6789	7107	355	394	3785	3851	402	417	0	32	0	0	0	0
91	Essen III	NW	163013	143301	2317	3809	140984	139492	50290	50115	68703	65866	0	0	18221	19518	495	549	2791	2906	484	511	0	27	0	0	0	0
92	Duisburg I	NW	168771	145772	3518	4618	142254	141154	70890	70385	55970	53953	0	0	10782	11961	594	637	3532	3690	486	500	0	28	0	0	0	0
93	Duisburg II	NW	187392	159038	3503	4556	155535	154482	70157	68919	66057	64111	0	0	13846	15756	860	903	3890	4011	725	757	0	25	0	0	0	0
94	Borken – Bocholt – Ahaus	NW	147785	137527	3085	3348	134442	134179	25583	25370	96630	96502	0	0	10168	10034	1165	1096	896	840	0	320	0	17	0	0	0	0
95	Steinfurt – Tecklenburg	NW	188305	172622	3984	4217	168638	168405	47083	46904	99514	99081	0	0	17443	17784	2929	2905	1105	1137	453	482	111	112	0	0	0	0
96	Beckum – Warendorf	NW	140994	130511	2744	2900	127767	127611	34803	34828	80456	79754	0	0	8571	9034	1997	2079	1414	1396	410	413	116	107	0	0	0	0
97	Münster-Stadt und -Land	NW	182706	165095	3108	4196	161987	160899	39109	38640	95010	93573	0	0	23257	24009	1712	1760	1937	1955	670	682	292	280	0	0	0	0
98	Lüdinghausen – Coesfeld	NW	137164	127439	3179	2823	124260	124616	28926	29405	83977	83578	0	0	8224	8537	1338	1304	1412	1398	383	374	0	20	0	0	0	0
99	Gelsenkirchen	NW	272084	235397	5554	8341	229843	227056	111810	109899	91383	90114	0	0	17178	17445	969	1045	7406	7473	904	892	193	188	0	0	0	0
100	Recklinghausen-Land	NW	211091	192505	3487	3968	189018	188537	78741	78058	92152	91348	0	0	11631	12634	1438	1428	3931	3929	1125	1102	0	38	0	0	0	0
101	Recklinghausen-Stadt	NW	91150	80996	1596	2580	79400	78416	35148	33225	33734	33923	0	0	7503	8093	429	457	2208	2307	378	386	0	25	0	0	0	0
102	Gladbeck – Bottrop	NW	134010	121161	2953	3456	118208	117705	52272	52114	55144	54285	0	0	5191	5806	373	400	4945	4770	283	304	0	26	0	0	0	0
103	Warburg – Höxter – Büren	NW	127161	116580	2908	2947	113672	113633	19153	19247	81591	81468	0	0	9448	9498	2606	2364	691	686	0	198	183	172	0	0	0	0
104	Paderborn – Wiedenbrück	NW	186737	170811	3859	3552	166952	167259	37565	38012	108431	107490	0	0	16960	17684	1878	1888	1488	1520	630	629	0	36	0	0	0	0
105	Bielefeld – Halle	NW	133678	122032	3106	3420	118926	118612	55969	56066	42169	41247	0	0	17049	17600	1551	1514	1196	1248	787	771	205	166	0	0	0	0
106	Bielefeld-Stadt	NW	129888	117872	3025	3312	114847	114560	52516	52100	41583	39940	0	0	17179	18722	788	847	1959	2101	786	810	36	40	0	0	0	0
107	Herford-Stadt und -Land	NW	159828	144742	3867	4190	140875	140552	69031	69074	50056	48425	0	0	17809	18928	1209	1330	1960	1935	810	829	0	31	0	0	0	0
108	Detmold	NW	101548	91080	1858	2364	89222	88716	39320	39338	25481	25335	0	0	19683	19328	2290	2174	1599	1634	849	884	0	23	0	0	0	0
109	Lemgo	NW	96354	87201	2331	2285	84870	84916	40974	40963	23843	23689	0	0	16883	17105	1199	1196	1351	1371	569	562	0	30	0	0	0	51
110	Minden – Lübbecke	NW	195462	171295	4444	4662	166851	166633	73412	72808	61151	60362	0	0	26691	27833	2312	2245	2007	2090	1192	1211	86	84	0	0	0	0
111	Wattenscheid – Wanne-Eickel	NW	132662	116676	3251	4273	113425	112403	57506	56372	44456	44035	0	0	6974	7334	691	693	3112	3227	686	688	0	54	0	0	0	0
112	Herne – Castrop-Rauxel	NW	142170	128139	3919	4672	124220	123467	60106	59384	51440	50596	0	0	7757	8516	729	691	3701	3754	487	485	0	41	0	0	0	0
113	Ennepe-Ruhr – Witten	NW	253590	227988	5782	5843	222206	222145	109778	109261	75254	74997	0	0	28140	28687	1787	1762	5557	5672	1690	1675	0	91	0	0	0	0
114	Hagen	NW	141049	122993	3036	4142	119957	118851	55185	53926	47144	45944	0	0	13044	14157	642	789	3258	3283	684	728	0	24	0	0	0	0
115	Dortmund I	NW	182933	161406	4618	5287	156788	156119	74468	73599	58602	56773	0	0	19313	20616	0	564	3580	3690	825	805	0	72	0	0	0	0
116	Dortmund II	NW	164980	142260	4667	5333	137593	136927	71515	70658	50220	49718	0	0	11329	11545	0	526	3826	3794	703	650	0	36	0	0	0	0
117	Dortmund III – Lünen	NW	169600	148364	4932	5233	143432	143131	75802	74954	51508	51151	0	0	11561	11757	0	731	3787	3787	774	703	0	48	0	0	0	0
118	Bochum	NW	259127	230788	5798	6843	224990	223945	113794	111772	87597	86448	0	0	17163	18912	1064	1168	4398	4591	974	990	0	64	0	0	0	0
119	Iserlohn-Stadt und -Land	NW	170390	151195	2757	3579	148438	147616	59111	58625	65391	64151	0	0	20208	20803	939	1015	2246	2411	543	581	0	30	0	0	0	0
120	Unna – Hamm	NW	202759	184382	4913	5013	179469	179369	83649	82352	72258	70599	0	0	17608	20060	1060	1182	3396	3564	1498	1561	0	51	0	0	0	0
121	Meschede – Olpe	NW	111462	103345	2467	2338	100878	101007	20601	20625	71467	71218	0	0	7047	7411	744	716	807	815	212	201	0	21	0	0	0	0
122	Arnsberg – Soest	NW	156478	141991	2936	3461	139055	138530	39289	39591	79307	78078	0	0	16740	17219	2081	2044	917	959	721	616	0	23	0	0	0	0
123	Lippstadt – Brilon	NW	109706	100428	2490	2790	97938	97638	26135	24984	60636	60729	0	0	7842	8443	2372	2356	953	941	0	161	0	24	0	0	0	0
124	Altena – Lüdenscheid	NW	158334	139717	3959	4135	135758	135582	58778	58332	52143	50934	0	0	22116	22677	0	870	1823	1825	898	890	0	54	0	0	0	0
125	Siegen-Stadt und -Land – Wittgenstein	NW	174740	152273	3672	4280	148601	147993	61857	60923	57693	55614	0	0	22625	24737	3121	3172	2199	2387	712	730	394	430	0	0	0	0
905	Nordrhein-Westfalen	NW	11085775	9799429	233453	281183	9565976	9518246	3593596	3549359	4602409	4530553	0	0	1063302	1118460	78105	83131	184218	188442	41851	43932	2299	4369	0	0	145	51
																												
126	Waldeck	HE	127588	113217	3563	5410	109654	107807	46498	45190	31627	28200	0	0	23076	24830	6964	7512	1489	1683	0	392	0	0	0	0	0	0
127	Kassel	HE	206397	189983	4704	9729	185279	180254	95641	92806	53727	51107	0	0	27555	27443	3115	3205	5088	5190	0	503	0	0	0	0	0	153
128	Eschwege	HE	116218	106115	2548	5218	103567	100897	51909	50241	26637	25441	0	0	17428	17332	5873	5906	1720	1712	0	265	0	0	0	0	0	0
129	Fritzlar-Homberg	HE	123508	110070	3004	5791	107066	104279	45565	45302	27736	28039	0	0	26877	23502	5394	5981	861	984	358	471	275	0	0	0	0	0
130	Hersfeld	HE	114323	103003	2929	4928	100074	98075	43849	43006	38930	36560	0	0	12265	13009	3804	3962	1226	1264	0	274	0	0	0	0	0	0
131	Marburg	HE	133399	114805	3236	5860	111569	108945	46270	44112	44801	39419	0	0	13095	17144	4138	4793	2086	2384	948	1093	231	0	0	0	0	0
132	Wetzlar	HE	163060	143079	4862	7023	138217	136056	62506	60365	38993	37028	0	0	25864	26660	8663	8915	2191	2470	0	618	0	0	0	0	0	0
133	Gießen	HE	154514	136814	3821	7670	132993	129144	56325	54413	40547	37580	0	0	23821	24548	9146	9240	2291	2453	863	910	0	0	0	0	0	0
134	Fulda	HE	157695	144591	3610	5956	140981	138635	38776	38160	76313	74514	0	0	16892	16710	6886	7047	1375	1448	739	756	0	0	0	0	0	0
135	Obertaunuskreis	HE	133855	120011	3116	5434	116895	114577	47107	45902	44815	41148	0	0	17190	19176	5428	5823	1623	1794	653	734	79	0	0	0	0	0
136	Friedberg	HE	161986	145722	5022	7919	140700	137803	66206	64479	42675	41457	0	0	21242	20975	7175	7389	2275	2391	1127	1112	0	0	0	0	0	0
137	Limburg	HE	136897	124290	3929	5502	120361	118788	36609	36321	61499	60182	0	0	15087	14789	5371	5580	992	1057	803	859	0	0	0	0	0	0
138	Wiesbaden	HE	187756	160888	3739	9518	157149	151370	61516	58780	58830	55772	0	0	27682	27406	4318	4358	3575	3779	1228	1275	0	0	0	0	0	0
139	Hanau	HE	155616	141258	4858	7570	136400	133688	61664	59822	47215	45694	0	0	14652	15013	6235	6359	5344	5547	1290	1253	0	0	0	0	0	0
140	Frankfurt/M I	HE	158316	135201	2572	6242	132629	128959	60166	58210	47183	44922	0	0	18554	18796	2364	2540	3363	3438	999	1053	0	0	0	0	0	0
141	Frankfurt/M II	HE	185271	156518	2597	6466	153921	150052	65561	63706	54166	50928	0	0	26211	27067	2274	2449	4417	4583	1292	1319	0	0	0	0	0	0
142	Frankfurt/M III	HE	161308	137882	2297	5535	135585	132347	60764	59031	47099	44425	0	0	20603	21497	2011	2133	3916	4060	1192	1201	0	0	0	0	0	0
143	Groß-Gerau	HE	200800	185235	5738	8961	179497	176274	85354	82692	65450	61961	0	0	16829	18380	7901	8205	3963	4207	0	829	0	0	0	0	0	0
144	Offenbach/M	HE	212543	193578	5506	9962	188072	183616	85670	82558	73036	69032	0	0	17104	19367	5698	5825	5718	5915	846	919	0	0	0	0	0	0
145	Darmstadt	HE	164053	147346	4785	7577	142561	139769	63585	60866	48255	47130	0	0	22535	23017	3316	3500	3846	4160	1024	1096	0	0	0	0	0	0
146	Dieburg	HE	112787	103472	3938	5510	99534	97962	46976	45169	35578	34438	0	0	10279	11343	3340	3455	2348	2541	1013	1016	0	0	0	0	0	0
147	Bergstraße	HE	127395	115163	3985	5771	111178	109392	43158	42181	50165	48302	0	0	10369	10722	4686	4788	2800	2929	0	470	0	0	0	0	0	0
906	Hessen	HE	3395285	3028241	84359	149552	2943882	2878689	1271675	1233312	1055277	1003279	0	0	425210	438726	114100	118965	62507	65989	14375	18418	585	0	0	0	0	153
																												
148	Altenkirchen (Westerwald)	RP	170645	154719	3924	5927	150795	148792	47479	47117	80021	78421	0	0	20205	19950	822	866	1297	1349	971	1046	0	43	0	0	0	0
149	Ahrweiler	RP	140038	127201	2925	4982	124276	122219	26353	25939	85766	83748	0	0	9919	10224	410	465	1017	1021	697	706	114	116	0	0	0	0
150	Koblenz	RP	155106	137801	4413	6150	133388	131651	37446	36960	75705	73822	0	0	17110	17426	638	737	1400	1461	1089	1190	0	55	0	0	0	0
151	Cochem	RP	120995	102944	3681	5739	99263	97205	19976	19315	60253	58643	0	0	17921	18189	218	184	268	259	557	559	70	56	0	0	0	0
152	Kreuznach	RP	150287	128040	4251	6136	123789	121904	54434	50073	42485	42375	0	0	20085	21763	567	660	1636	1889	4294	4856	288	288	0	0	0	0
153	Prüm	RP	124331	110733	4849	5990	105884	104743	14140	14061	81009	79659	0	0	9601	9415	463	485	671	673	0	411	0	39	0	0	0	0
154	Trier	RP	149078	131362	5137	7544	126225	123818	30989	30375	78295	76671	0	0	14278	13977	471	506	1132	1133	1060	1114	0	42	0	0	0	0
155	Montabaur	RP	177799	157369	4242	7911	153127	149458	50066	49040	74794	72230	0	0	23604	23328	865	876	1918	1953	1880	1925	0	106	0	0	0	0
156	Mainz	RP	169786	150939	4985	7222	145954	143717	57221	55941	63632	62126	0	0	18921	19184	931	1000	3338	3452	1911	1949	0	65	0	0	0	0
157	Worms	RP	139458	123504	4117	7597	119387	115907	52608	50446	41543	38958	0	0	18017	18578	0	511	2634	2611	4585	4713	0	90	0	0	0	0
158	Ludwigshafen am Rhein	RP	185695	162412	5251	7030	157161	155382	73939	72829	59043	56630	0	0	16662	17538	0	562	4201	4285	3316	3427	0	111	0	0	0	0
159	Neustadt an der Weinstraße	RP	162890	143603	6137	4968	137466	138635	56926	57092	51774	51506	0	0	18895	19489	855	940	2274	2349	6742	7192	0	67	0	0	0	0
160	Kaiserslautern	RP	177128	150244	5304	8037	144940	142207	59952	58403	53908	52223	0	0	18804	18503	0	785	3789	3616	8487	8504	0	173	0	0	0	0
161	Zweibrücken	RP	162624	143654	4888	7542	138766	136112	50374	49010	64426	63143	0	0	16921	16573	499	555	1829	1933	4266	4446	451	452	0	0	0	0
162	Speyer	RP	162248	145402	5541	7219	139861	138183	43790	43229	75808	74115	0	0	15018	15441	584	634	1856	1883	2534	2606	271	275	0	0	0	0
907	Rheinland-Pfalz	RP	2348108	2069927	69645	99994	2000282	1969933	675693	659830	988462	964270	0	0	255961	259578	7323	9766	29260	29867	42389	44644	1194	1978	0	0	0	0
																												
163	Stuttgart I (West)	BW	225514	186695	4459	7884	182236	178811	68994	67740	58608	58338	0	0	44795	42612	2761	2968	5678	5649	1400	1396	0	108	0	0	0	0
164	Stuttgart II (Ost)	BW	217846	182552	4431	7968	178121	174584	76859	74066	53592	52859	0	0	37693	36975	3002	3206	5707	6073	1268	1304	0	101	0	0	0	0
165	Ludwigsburg	BW	162900	139645	3443	7140	136202	132505	56335	53027	46097	43904	0	0	24863	26216	5316	5473	2174	2373	1077	1172	340	340	0	0	0	0
166	Heilbronn	BW	170472	147774	4060	7575	143714	140199	55279	54469	45861	44229	0	0	37157	35552	2717	2859	1888	2128	812	904	0	58	0	0	0	0
167	Böblingen	BW	211650	178235	5605	10794	172630	167441	63700	61349	63751	60834	0	0	31188	30680	8465	8888	3719	3820	1555	1607	252	263	0	0	0	0
168	Eßlingen	BW	184037	158474	4415	9592	154059	148882	56692	54769	60138	54990	0	0	23302	24875	8506	8663	3922	4017	1310	1367	189	201	0	0	0	0
169	Göppingen	BW	174148	151112	4078	6010	147034	145102	54099	51351	55965	55800	0	0	25391	25738	7275	7432	3080	3472	755	804	469	505	0	0	0	0
170	Ulm	BW	194941	168170	4329	8478	163841	159692	51054	51737	87142	76376	0	0	17170	22054	3157	3777	4406	4727	645	735	267	286	0	0	0	0
171	Aalen	BW	159630	142705	3763	6754	138942	135951	35647	35415	75469	73814	0	0	16637	15491	8911	8864	1569	1649	471	477	238	241	0	0	0	0
172	Backnang	BW	99592	83186	2771	5308	80415	77878	24922	24437	33780	30434	0	0	18084	18850	2013	2298	991	1162	423	457	202	240	0	0	0	0
173	Crailsheim	BW	119161	96611	3278	5470	93333	91141	20577	19503	40772	41221	0	0	26717	24513	3565	3623	1702	1855	0	343	0	83	0	0	0	0
174	Waiblingen	BW	128843	107274	2955	5503	104319	101771	38232	37224	36346	33816	0	0	23340	23676	3904	4113	1725	2030	772	858	0	54	0	0	0	0
175	Karlsruhe-Stadt	BW	171770	139748	3669	8500	136079	131248	47859	45164	62472	59541	0	0	17202	17617	2659	2899	4546	4584	1341	1366	0	77	0	0	0	0
176	Mannheim-Stadt	BW	224890	184264	3319	6155	180945	178109	80354	74481	66974	68567	0	0	20197	21439	1634	1725	9330	9435	1987	2010	469	452	0	0	0	0
177	Heidelberg	BW	184860	158235	4133	7209	154102	151026	53878	51760	69916	67968	0	0	20907	21166	4828	5233	2730	2943	1598	1717	245	239	0	0	0	0
178	Karlsruhe-Land	BW	197599	166852	7727	11832	159125	155020	56317	54227	71842	68897	0	0	22228	22546	3427	3575	3370	3646	1775	1928	166	201	0	0	0	0
179	Bruchsal	BW	100091	86261	5488	6592	80773	79669	20865	20308	48787	48254	0	0	7310	7165	1766	1817	1358	1381	608	660	79	84	0	0	0	0
180	Mannheim-Land	BW	109768	97105	3336	4950	93769	92155	35423	34766	40180	39374	0	0	11961	11442	2053	2215	3011	3116	945	1039	196	203	0	0	0	0
181	Sinsheim	BW	89640	75458	3441	5503	72017	69955	20371	19607	35164	33527	0	0	11263	11303	3090	3308	904	1009	674	706	551	495	0	0	0	0
182	Tauberbischofsheim	BW	92863	81302	3486	4065	77816	77237	13165	12913	52186	51902	0	0	7488	7232	4277	4277	700	664	0	213	0	36	0	0	0	0
183	Konstanz	BW	143624	119118	4178	6425	114940	112693	31946	31279	61075	59171	0	0	15275	15448	1865	1932	3710	3799	747	788	322	276	0	0	0	0
184	Donaueschingen	BW	141280	121042	5138	7720	115904	113322	28935	28332	64481	63079	0	0	18633	17635	2239	2218	1616	1612	0	352	0	94	0	0	0	0
185	Lörrach	BW	166406	137265	6052	7781	131213	129484	47034	44854	59885	59204	0	0	18508	18983	2465	2507	2869	3098	0	459	452	379	0	0	0	0
186	Freiburg	BW	144776	119647	3197	5567	116450	114080	35112	34471	56099	54264	0	0	19524	19486	1787	1811	2869	2944	723	757	336	347	0	0	0	0
187	Emmendingen	BW	154584	131732	7210	7714	124522	124018	37006	36592	61685	62516	0	0	22180	20447	1861	1914	1790	1888	0	544	0	117	0	0	0	0
188	Offenburg	BW	154492	129618	5847	7993	123771	121625	35461	35113	65530	62293	0	0	17632	18765	2106	2316	1582	1692	1085	1121	375	325	0	0	0	0
189	Rastatt	BW	162062	135340	7257	10251	128083	125089	32698	32075	73962	71996	0	0	15989	15302	2002	2136	2209	2308	972	1025	251	247	0	0	0	0
190	Reutlingen	BW	185755	156090	3795	5510	152295	150580	56248	53310	56862	56238	0	0	31958	32888	3097	3475	3058	3449	866	1006	206	214	0	0	0	0
191	Calw	BW	146991	116866	4813	6524	112053	110342	38183	37210	40615	40187	0	0	28018	27483	2200	2003	2104	2297	933	1083	0	79	0	0	0	0
192	Rottweil	BW	138182	120271	4127	5552	116144	114719	34523	34682	57584	56438	0	0	18609	17805	2179	2309	2031	2147	1218	1282	0	56	0	0	0	0
193	Balingen	BW	159142	134567	4402	6057	130165	128510	33415	32941	69778	68025	0	0	21522	21881	2925	3036	1568	1730	957	827	0	70	0	0	0	0
194	Biberach	BW	134248	122479	3709	4602	118770	117877	16775	16591	89463	88889	0	0	9700	9441	1767	1782	916	930	0	175	149	69	0	0	0	0
195	Ravensburg	BW	160126	144055	3939	5607	140116	138448	27484	27122	93559	92321	0	0	14838	14605	1885	1959	1455	1510	538	570	357	361	0	0	0	0
908	Baden-Württemberg	BW	5211883	4419748	145850	230585	4273898	4189163	1385442	1342885	1955620	1899266	0	0	697279	697311	111704	116611	90287	95137	27455	31052	6111	6901	0	0	0	0
																												
196	Altötting	BY	125746	113678	2559	4494	111119	109184	25653	24987	0	0	71609	70126	4696	5164	7713	7400	983	990	465	462	0	55	0	0	0	0
197	Fürstenfeldbruck	BY	140062	122783	2995	4736	119788	118047	36266	35718	0	0	67346	65026	7646	8431	6055	6210	1667	1739	808	823	0	100	0	0	0	0
198	Ingolstadt	BY	148786	131148	3575	5031	127573	126117	32351	31194	0	0	84211	82490	3963	4792	5987	6200	1061	1106	0	263	0	72	0	0	0	0
199	Miesbach	BY	129435	110753	2092	4102	108661	106651	32170	31612	0	0	56296	53636	10847	12232	5919	5828	2289	2272	726	752	414	319	0	0	0	0
200	München-Nord	BY	218595	171535	2662	4272	168873	167263	66519	66700	0	0	71645	69604	18550	19814	4078	4148	5425	5785	1011	1105	0	107	0	0	0	1645
201	München-Ost	BY	206720	164388	2945	4151	161443	160237	69604	69306	0	0	64798	63241	17140	17418	3362	3419	5414	5668	1125	1052	0	133	0	0	0	0
202	München-Süd	BY	188869	148438	2559	3808	145879	144630	60719	59918	0	0	61362	59576	14321	15992	3078	2875	5328	5089	1071	1044	0	136	0	0	0	0
203	München-West	BY	173770	140479	2286	3554	138193	136925	56806	56536	0	0	59533	56938	13528	15219	3200	2884	4205	4322	921	918	0	108	0	0	0	0
204	München-Land	BY	169514	147123	3524	5132	143599	141991	39762	40155	0	0	83363	79990	11842	12780	5535	5938	2227	2337	597	609	273	182	0	0	0	0
205	Rosenheim	BY	146898	128109	3024	5588	125085	122521	37134	35660	0	0	69882	67788	8757	9451	6543	6775	1995	1976	774	788	0	83	0	0	0	0
206	Traunstein	BY	137638	118930	3594	5194	115336	113736	30110	28825	0	0	64318	64738	11553	11374	6741	6201	1949	1867	665	626	0	105	0	0	0	0
207	Weilheim	BY	137480	119124	2815	5176	116309	113948	32187	31686	0	0	67156	64168	9501	10364	5062	5283	1853	1926	550	450	0	71	0	0	0	0
208	Deggendorf	BY	115562	97486	3458	5745	94028	91741	22822	22089	0	0	59996	59558	6064	4511	4115	4485	761	791	270	266	0	41	0	0	0	0
209	Landshut	BY	124318	108982	4028	4972	104954	104010	28546	27090	0	0	63300	64458	4488	4934	5834	5273	1124	1206	886	654	776	395	0	0	0	0
210	Passau	BY	101412	89088	2501	3778	86587	85310	21254	19273	0	0	59107	59160	2238	2835	3444	3371	361	430	0	158	183	83	0	0	0	0
211	Pfarrkirchen	BY	93822	83854	2482	3663	81372	80191	13125	12804	0	0	60438	59223	3312	3299	4497	4394	0	291	0	146	0	34	0	0	0	0
212	Straubing	BY	110292	95391	3245	5878	92146	89513	20715	19521	0	0	61992	60162	3126	3549	4387	4319	880	947	1046	958	0	57	0	0	0	0
213	Vilshofen	BY	102683	90497	3424	4704	87073	85793	18885	17985	0	0	59361	59001	2864	2999	5401	4928	0	455	562	379	0	46	0	0	0	0
214	Amberg	BY	136086	123936	3536	5386	120400	118550	30920	30686	0	0	77187	74849	7613	8093	3190	3359	893	955	400	417	197	191	0	0	0	0
215	Burglengenfeld	BY	105611	97870	2724	4988	95146	92882	24738	24466	0	0	63979	61345	2893	3336	2186	2257	977	1012	0	153	373	313	0	0	0	0
216	Cham	BY	93101	82138	2664	3910	79474	78228	14327	14367	0	0	58994	57225	2554	3056	2610	2604	517	523	472	403	0	50	0	0	0	0
217	Regensburg	BY	142589	126612	3034	6012	123578	120600	39496	37746	0	0	72040	69099	5995	7572	3842	3802	1227	1393	778	807	200	181	0	0	0	0
218	Tirschenreuth	BY	116504	108636	2706	4244	105930	104392	30500	30032	0	0	64727	63820	6190	6147	3522	3310	991	880	0	167	0	36	0	0	0	0
219	Bamberg	BY	123792	110933	2239	3568	108694	107365	28152	26807	0	0	68107	67630	6641	6959	3971	4035	1005	1050	818	849	0	35	0	0	0	0
220	Bayreuth	BY	129950	113951	2853	4298	111098	109653	47834	46722	0	0	46961	45367	9144	10302	5029	4903	1294	1384	836	906	0	69	0	0	0	0
221	Coburg	BY	142099	130069	2678	3724	127391	126345	52677	52525	0	0	52735	52874	15681	13944	5263	5407	1035	1089	0	469	0	37	0	0	0	0
222	Forchheim	BY	114285	102513	2394	4400	100119	98113	21898	20848	0	0	67772	65678	5009	5788	3952	4237	655	623	833	907	0	32	0	0	0	0
223	Hof	BY	130812	115173	2749	5163	112424	110010	49493	47934	0	0	48177	46087	9133	9687	3580	4159	1386	1468	440	454	215	221	0	0	0	0
224	Kulmbach	BY	117838	105163	1975	4224	103188	100939	40863	39293	0	0	50347	48544	6174	7266	4489	4436	725	765	590	611	0	24	0	0	0	0
225	Ansbach	BY	126602	111058	2584	4748	108474	106310	20919	18822	0	0	65728	64981	15631	16043	4446	4320	693	803	0	280	1057	1061	0	0	0	0
226	Erlangen	BY	151807	133961	2746	5365	131215	128596	40440	39961	0	0	67808	63078	14123	16338	5830	6077	1933	1882	1081	1122	0	138	0	0	0	0
227	Nürnberg	BY	239075	201246	2904	6373	198342	194873	81446	78700	0	0	78120	75804	27375	28608	2852	3112	6369	6473	1732	1761	448	415	0	0	0	0
228	Nürnberg – Fürth	BY	171418	141507	2465	5399	139042	136108	56867	55384	0	0	54316	52527	18987	19240	2460	2511	4788	4843	1196	1222	428	381	0	0	0	0
229	Schwabach	BY	149541	130813	3764	5090	127049	125723	46068	44790	0	0	58352	55848	16335	17864	3941	4032	2054	2115	0	857	299	217	0	0	0	0
230	Weißenburg	BY	133111	121644	2346	3961	119298	117683	20894	20934	0	0	87917	84128	7628	9100	2113	2378	746	739	0	355	0	49	0	0	0	0
231	Aschaffenburg	BY	175817	159109	4833	7141	154276	151968	49703	49340	0	0	84780	83349	10214	10120	6715	6703	1721	1852	510	526	0	78	0	0	633	0
232	Bad Kissingen	BY	120834	108882	3249	4190	105633	104692	20495	20620	0	0	68381	67347	12407	11550	4350	4370	0	541	0	238	0	26	0	0	0	0
233	Karlstadt	BY	114272	104343	2586	4332	101757	100011	21069	21125	0	0	69865	67060	6338	6846	3445	3803	717	808	323	338	0	31	0	0	0	0
234	Schweinfurt	BY	142401	128545	3125	5833	125420	122712	36604	35911	0	0	71160	68619	11256	11545	3707	3788	1961	2027	732	775	0	47	0	0	0	0
235	Würzburg	BY	175813	157298	3369	5721	153929	151577	45550	44812	0	0	85757	83397	12348	13271	6424	6263	3120	2972	730	752	0	110	0	0	0	0
236	Augsburg-Stadt	BY	150469	129444	1969	3969	127475	125475	52786	51994	0	0	56071	54022	11904	12641	3022	2930	3346	3306	0	325	346	257	0	0	0	0
237	Augsburg-Land	BY	142450	128696	3217	5261	125479	123435	36789	35011	0	0	73525	71826	8356	9290	5221	5494	1298	1436	0	226	290	152	0	0	0	0
238	Dillingen	BY	130952	116769	3552	5784	113217	110985	32472	32352	0	0	66321	63226	8299	8947	4092	4533	1024	1131	453	455	556	341	0	0	0	0
239	Donauwörth	BY	107947	95362	2890	5043	92472	90319	19462	18886	0	0	59912	57209	6311	7421	5828	5695	959	920	0	144	0	44	0	0	0	0
240	Kaufbeuren	BY	127685	112619	2201	4943	110418	107676	24843	24443	0	0	66820	64258	7734	8249	8570	8353	1580	1484	689	764	182	125	0	0	0	0
241	Kempten	BY	152832	133037	2892	5967	130145	127070	35541	34836	0	0	73015	69063	15380	16538	3131	3215	2165	2373	0	218	913	827	0	0	0	0
242	Memmingen	BY	114433	101432	2223	4568	99209	96864	22625	22236	0	0	60155	57328	8417	8911	5940	6143	1245	1344	678	745	149	157	0	0	0	0
909	Bayern	BY	6551728	5714545	136235	227583	5578310	5486962	1690099	1652642	0	0	3104742	3014471	450506	479830	214672	216160	83946	87388	24768	28699	7299	7772	0	0	633	1645
																												
243	Saarbrücken-Stadt	SL	144241	119050	5323	7982	113727	111068	38899	38071	43913	42438	0	0	25373	24866	448	454	4177	4221	917	941	0	77	0	0	0	0
244	Saarbrücken-Land	SL	144800	127315	6861	9212	120454	118103	41916	40912	57101	55636	0	0	16320	16315	451	444	3779	3797	887	904	0	95	0	0	0	0
245	Saarlouis – Merzig	SL	141629	126490	9155	10669	117335	115821	34185	33630	68322	67138	0	0	10722	10746	0	219	2937	2885	869	913	300	290	0	0	0	0
246	Ottweiler – St. Wendel	SL	142610	129512	7567	10273	121945	119239	38633	37640	67921	65946	0	0	9800	9931	289	279	4144	4162	1158	1202	0	79	0	0	0	0
247	Homburg – St. Ingbert	SL	141232	124450	6250	9072	118200	115378	44992	43750	54679	53097	0	0	13158	13035	356	342	3543	3618	1472	1444	0	92	0	0	0	0
910	Saarland	SL	714512	626817	35156	47208	591661	579609	198625	194003	291936	284255	0	0	75373	74893	1544	1738	18580	18683	5303	5404	300	633	0	0	0	0
																												
999	Bundesgebiet ohne Berlin	BUND	37440715	32849624	845158	1298723	32004466	31550901	11672057	11427355	11622995	11283901	3104742	3014471	3866269	4028766	859290	870756	587488	609918	242649	262977	21083	27308	24951	25449	778	2164